単語,意味
hardly ever 動詞,ほとんど～ない（頻度）
attribute,属性
misconception,誤解
specify,特定
probability,確率
prediction,予測
inevitability,必然性
distractor,不正解の選択肢
deprived,貧困層
enquiries,お問い合わせ
assumption,予測
abbreviate,省略する
relatively,比較的
involve,関与する
crucial,重要な
definite,明確な
alternative,代替
patient,忍耐強い、気長い
fairly,まあまあ、そこそこ
identify A as B,AをBであると特定する（見極める）
fit in with ~,〜に馴染む、溶け込む
critical,重大な、致命的な
imperative,必須の
have something to do with ~,〜と何か関係がある
something to do with～,～と関係がある何か
intact,無傷の、手つかずのまま
auxiliary,補助
interrogate,尋問する
inquiry,問い
ingredient,材料
criterion,基準（単数形）
criteria,基準（複数形）
discrimination,差別
statistics,統計
consistency,一貫性
in nothing flat,あっという間に、すぐに
immortalize (oneself),（自分を）不滅にする、永久に名を残す
trailblazer,先駆者、開拓者
smattering of,わずかな知識、少量の、片言の
threaten,脅かす
eventually,最終的に
improve at,上達する
experiment with,～を試す
racism,人種差別
identify with ～,～に共感する、～に自分を重ねる
exceed,超える、上回る
broaden my horizons,視野を広げる
discourage 人 from ～ing,思いとどまらせる
desperately,必死に
stick with,続ける
be generous with ～,～に関して気前がいい
effective for  ～ing,～するのに効果的
Any updates on ～?,～について何か進展はありますか
selfie,自撮り
be after ～,～を求めている
in case ～,～の場合に備えて
start with ～,～から始める
make the effort,努力する
lead,鉛
postgraduate students,大学院生
grants,助成金
independent,独立した
in one's thirties,30代で
pension plan,年金制度
desperately,必死に
reliable,信頼性のある
set A apart from B,AをBと差別化する
have ～ to oneself,～を独り占めする
extinct,絶滅した
habitat,生息地・生息環境
majestic,雄大な、堂々とした
vanish,消える、姿を消す
additives,添加物
distribution,配送、流通
entail,伴う
inspector,検査官
procedure,手順
investigate,調査する
coincidentally,偶然に
run into someone,偶然ばったり人に会う
by chance,偶然に（カジュアル）
could do with,～があるといい 、 ～が欲しい
adjust,調整する
supplies,用品
construction site,工事中の現場
for instance,実例を挙げると、例えば
extractor fan,換気扇
distinctive,特徴的な
fabulous,素晴らしい
exposed,露出した
wiring,配線
make use of ～,～を活用する
organization,組織、団体
stare at ～,～をじっと見つめる
repertoire,レパートリー
work on,～に取り組む、～を改善する
gymnastics,体操
spooky,不気味な、ちょっと怖い、奇妙な
go by + 名前,～という名前を使う
ask 人 out,デートに誘う、告白する
expect + 人 + to + 動詞,人が～すると思う／予想する
run for + 役職,～に立候補する
turn out,あとから〜だと分かる（判明する)
bring ～ with you,～を持ってくる
sticky,べたべたした
conversion,換算
remain,"〜のままでいる,残る"
relic,遺物、遺品、歴史的なもの
civil war,内戦
fit ～ in,馴染む、うまく収まる、予定に組み込む
artifact,人工遺物、工芸品
a pile of ～,～の山、たくさんの～
nondescript,特徴のない、平凡な
bother,わざわざ～する、手間をかける
fundamental,根本的な、基本的な
predict,予測する
shears,ハサミ
blade,刃
significant,重要な、重大な
massive,非常に大きな、大規模な
no longer,もはや～ない
rely on ～,依存する、頼る
mass-produce,大量生産する
vegetable matter,植物由来の原料から
spread,広げる、広まる
sweeping,広範囲な、全面的な、掃き掃除
in terms of ～,～という点では、～の観点では
deal with,対処する、かかわる
be fitted with,～が取り付けられている、～を装備している
accordingly,それに応じて
work out,～を割り出す、打ち出す、いい結果
monitor,～を継続的に観察する・測定する
fossil fuels,化石燃料
household,家庭
outskirts,町はずれ
quote,見積もる、価格を提示する、引用する
property,財産、物件
proximity,近さ、近接
ambient,周囲の、周辺の、環境の
invitation,招待
It was tough,大変だった
keep up with,～についていく
get over,～を乗り越える
afterwards,その後
it all came back to me,全部思い出した
act,行動する
hands-on,実践的な
ace,うまくやり遂げる
overly,あまりにも
be a breeze,楽勝だ
distract,気を散らす、集中をそらす
distracting,気を散らすような
on purpose,わざと
gesture,意思表示
goodwill,善意
be reasonable,無茶を言わないで
final word,最終決定
stake,出資・持分、利害関係
for now,今のところ、当面は
workforce,労働力
severance pay,退職金
go with,選ぶ
last,長持ちする、持続する
You get what you pay for,値段相応です
It’s good value for money,お値段以上の価値がある
lizard,トカゲ
simultaneous,同時の
turn 人 away,人の入場を断る、追い返す
waste of,～の無駄
charge forward,勢いよく前に進む、どっと前へ押し寄せる
thief,泥棒
snatch,ひったくる
neat,きちんとしている
clean-cut,きちんとしていて清潔感がある
requirement,要件
distinguish,区別する
get ahead,成功する、先へ進む
more than ～（名詞）,～以上のもの　～だけでは足りない
commitment,責任、献身
be done with,〜を終えた、〜とはもうおさらばだ
apprenticeship,見習い期間、徒弟制度
apprentic,見習い
ranch,牧場
and that's why ,だから～なんです、それが～する理由です
patience,忍耐、我慢強さ
way back in 1907,ずっと昔の1907年
catch 人 by surprise,人を不意に驚かす
rush,急ぐ、せかす
funeral,葬式
acquaintance,知り合い
neurosurgeon,脳神経外科医
present（動詞）,司会をする、進行する
highly regarded,高く評価されている
acclaimed,称賛されている
pseudonym,偽名、筆名、ペンネーム
biologist,生物学者
poisonous,有毒な
tycoon,大物
esteemed,尊敬される
activist,活動家
particle,粒子
break A into B,AをBに分ける
accessible,アクセス可能な、とっつきやすい、親しみやすい
clue,手がかり
trick 人 into ～ing,人をだまして～させる
ill considered,軽率な、浅はかな
housewarming,新築祝い
approval,承認
hold on,ちょっと待って
rash decision,軽率な決定、無鉄砲な決断
track record,実績、これまでの業績
I’d like 人 to ～,人に～してほしい
by far the 最上級,断然～　圧倒的に～
the 最上級  by a long way,断然～　かなりの差で～
personal choice,個人的なおすすめ
move forward with ～,～を進める
authentic,本物の、正真正銘の
broad,広い、幅広い
appeal,魅力、人気を集める力
sophisticated,洗練された
prototype,試作品
input,意見、情報、フィードバック
texture,食感
aftertaste,後味
fizziness,発泡性
acidity,酸味
courier,宅配便
conviction,確信、有罪判決
fill in,埋める、書き込む
moderate,適度
immediately,直ちに、即座に
throw ～ away,～を捨てる
on impulse,衝動的に
preference,好み
cut back on ～,～を減らす、～を節約する
disappear,消える
look at ～ing,～することを検討する
trivia,雑学
population,人口
density,密度
autobiography,自伝
preserved,保存された
way too ～,あまりにも～すぎる
minister,大臣
shortage,不足
put you on the spot,を困った立場に追い込む
weird,奇妙な
drive + 人 + 形容詞,人を～の状態にする
unreasonable,理不尽な
boredom,退屈
gossip,噂話をする
irritating,イライラさせるような
nightmare,悪夢